-- --------------------------------------------------------
-- Host:                         127.0.0.1
-- Server version:               8.0.21 - MySQL Community Server - GPL
-- Server OS:                    Win64
-- HeidiSQL Version:             11.1.0.6116
-- --------------------------------------------------------

/*!40101 SET @OLD_CHARACTER_SET_CLIENT=@@CHARACTER_SET_CLIENT */;
/*!40101 SET NAMES utf8 */;
/*!50503 SET NAMES utf8mb4 */;
/*!40014 SET @OLD_FOREIGN_KEY_CHECKS=@@FOREIGN_KEY_CHECKS, FOREIGN_KEY_CHECKS=0 */;
/*!40101 SET @OLD_SQL_MODE=@@SQL_MODE, SQL_MODE='NO_AUTO_VALUE_ON_ZERO' */;
/*!40111 SET @OLD_SQL_NOTES=@@SQL_NOTES, SQL_NOTES=0 */;


-- Dumping database structure for corelifedb
DROP DATABASE IF EXISTS `corelifedb`;
CREATE DATABASE IF NOT EXISTS `corelifedb` /*!40100 DEFAULT CHARACTER SET utf8mb4 COLLATE utf8mb4_0900_ai_ci */ /*!80016 DEFAULT ENCRYPTION='N' */;
USE `corelifedb`;

-- Dumping structure for table corelifedb.ref_core_points
DROP TABLE IF EXISTS `ref_core_points`;
CREATE TABLE IF NOT EXISTS `ref_core_points` (
  `points_id` int NOT NULL,
  `pointsA_not` int NOT NULL,
  `pointsB_only` int NOT NULL,
  `pointsC_sometimes` int NOT NULL,
  `pointsD_often` int NOT NULL,
  `pointsE_most` int NOT NULL,
  PRIMARY KEY (`points_id`)
) ENGINE=MyISAM DEFAULT CHARSET=utf8mb4 COLLATE=utf8mb4_0900_ai_ci;

-- Dumping data for table corelifedb.ref_core_points: 2 rows
/*!40000 ALTER TABLE `ref_core_points` DISABLE KEYS */;
INSERT INTO `ref_core_points` (`points_id`, `pointsA_not`, `pointsB_only`, `pointsC_sometimes`, `pointsD_often`, `pointsE_most`) VALUES
	(123, 0, 1, 2, 3, 4),
	(321, 4, 3, 2, 1, 0);
/*!40000 ALTER TABLE `ref_core_points` ENABLE KEYS */;

-- Dumping structure for table corelifedb.ref_core_questions
DROP TABLE IF EXISTS `ref_core_questions`;
CREATE TABLE IF NOT EXISTS `ref_core_questions` (
  `q_id` int NOT NULL AUTO_INCREMENT,
  `question` varchar(255) NOT NULL,
  `gp_order` int NOT NULL,
  `points_type` int NOT NULL DEFAULT '0',
  PRIMARY KEY (`q_id`) USING BTREE,
  KEY `points_type` (`points_type`)
) ENGINE=MyISAM AUTO_INCREMENT=15 DEFAULT CHARSET=utf8mb4 COLLATE=utf8mb4_0900_ai_ci;

-- Dumping data for table corelifedb.ref_core_questions: 14 rows
/*!40000 ALTER TABLE `ref_core_questions` DISABLE KEYS */;
INSERT INTO `ref_core_questions` (`q_id`, `question`, `gp_order`, `points_type`) VALUES
	(1, 'I have felt tense, anxious or nervous', 1, 123),
	(2, 'I have felt I have someone to turn to for support when needed', 2, 321),
	(3, 'I have felt ok about myself', 3, 321),
	(4, 'I have felt able to cope when things go wrong', 4, 321),
	(5, 'I have been troubled by aches, pains or other physical problems	', 5, 123),
	(6, 'I have been happy with the things I have done', 6, 321),
	(7, 'I have had difficulty getting to sleep or staying asleep', 7, 123),
	(8, 'I have felt warmth or affection for someone', 8, 321),
	(9, 'I have been able to do most things I needed to', 9, 321),
	(10, 'I have felt criticised by other people', 10, 123),
	(11, 'I have felt unhappy', 11, 123),
	(12, 'I have been irritable when with other people', 12, 123),
	(13, 'I have felt optimistic about my future', 13, 321),
	(14, 'I have achieved the things I wanted to', 14, 321);
/*!40000 ALTER TABLE `ref_core_questions` ENABLE KEYS */;

-- Dumping structure for table corelifedb.ref_core_scale
DROP TABLE IF EXISTS `ref_core_scale`;
CREATE TABLE IF NOT EXISTS `ref_core_scale` (
  `scale_id` int NOT NULL AUTO_INCREMENT,
  `label` varchar(255) DEFAULT NULL,
  PRIMARY KEY (`scale_id`)
) ENGINE=MyISAM AUTO_INCREMENT=6 DEFAULT CHARSET=utf8mb4 COLLATE=utf8mb4_0900_ai_ci;

-- Dumping data for table corelifedb.ref_core_scale: 5 rows
/*!40000 ALTER TABLE `ref_core_scale` DISABLE KEYS */;
INSERT INTO `ref_core_scale` (`scale_id`, `label`) VALUES
	(1, 'Not at all'),
	(2, 'Only occasionally'),
	(3, 'Sometimes'),
	(4, 'Often'),
	(5, 'Most or All the time');
/*!40000 ALTER TABLE `ref_core_scale` ENABLE KEYS */;

-- Dumping structure for table corelifedb.users
DROP TABLE IF EXISTS `users`;
CREATE TABLE IF NOT EXISTS `users` (
  `user_id` int NOT NULL AUTO_INCREMENT,
  `fullname` varchar(256) CHARACTER SET utf8mb4 COLLATE utf8mb4_0900_ai_ci NOT NULL,
  `nickname` varchar(50) CHARACTER SET utf8mb4 COLLATE utf8mb4_0900_ai_ci NOT NULL,
  `email` varchar(256) NOT NULL,
  `password` varchar(60) CHARACTER SET utf8mb4 COLLATE utf8mb4_0900_ai_ci NOT NULL,
  `date_joined` date NOT NULL,
  PRIMARY KEY (`user_id`) USING BTREE
) ENGINE=MyISAM AUTO_INCREMENT=229 DEFAULT CHARSET=utf8mb4 COLLATE=utf8mb4_0900_ai_ci;

-- Dumping data for table corelifedb.users: 25 rows
/*!40000 ALTER TABLE `users` DISABLE KEYS */;
INSERT INTO `users` (`user_id`, `fullname`, `nickname`, `email`, `password`, `date_joined`) VALUES
	(4, 'Johnny Jaqobis', 'Johnny', 'johnny@example.com', '$2y$10$Nrw9GuifeUaO7SmhAMfauuhlKPnduXVSeCVs460Ml/ynU8/sz6DKe', '2021-04-04'),
	(28, 'test4', 'test4', 'test4@example.com', '$2y$10$bdQ37LWhfkSCRwkWxzisUud19K/dUW4IDEbubb6fv4OBuh61780TK', '2021-05-15'),
	(29, 'test5', 'test5', 'test5@example.com', '$2y$10$gooTUgzrnyCdCVgtqYo1ouw9.0Fk7L8S49EKL50rwxBM02JR5b1wW', '2021-05-15'),
	(30, 'test6', 'test6', 'test6@example.com', '$2y$10$drABEk1kJR5WDgjPWDVCt.Xn1jmwbBeUIgEpCOONxQrfo33CXZh8q', '2021-05-15'),
	(10, 'Davin Jaqobis', 'Davin', 'davin@example.com', '$2y$10$txnidBpxxKkJz9ssDbtiPesd9m.7oEz/01DOBJRA8r0NTWlQLdYbq', '2021-03-22'),
	(2, 'Prima Dezz', 'Pree', 'pree@example.com', '$2y$10$PIAi.ziHescHQ1qzb9ppoOrYy.2J5mMeiQimvdb7WH5hojbN.4qSW', '2021-01-14'),
	(1, 'Alvis Akari', 'Alvis', 'alvis@example.com', '$2y$10$2yLMwvaZf1cDwT761PaHkONf2vJT8551Ez8oUDUygiHXP5epYio36', '2020-12-15'),
	(5, 'Yalena Yardeen', 'Dutch', 'dutch@example.com', '$2y$10$CtwUoE2f8XD1JjbsfkjlJeB1LT3PWCfy1nKTCoiNIpj2m87EzQguK', '2021-02-21'),
	(3, 'Alfred Olyevich Turin', 'Turin', 'turin@example.com', '$2y$10$lZCr8wOfWqIRCXYrB6eMium/JE.C02a.fqkWiI75TiJonRKc3gqWe', '2021-03-30');
/*!40000 ALTER TABLE `users` ENABLE KEYS */;

-- Dumping structure for table corelifedb.user_core_answers
DROP TABLE IF EXISTS `user_core_answers`;
CREATE TABLE IF NOT EXISTS `user_core_answers` (
  `ucs_id` int NOT NULL,
  `q_id` int NOT NULL,
  `points` int DEFAULT NULL,
  KEY `FK1_ucs_id` (`ucs_id`),
  KEY `FK1_q_id` (`q_id`)
) ENGINE=MyISAM DEFAULT CHARSET=utf8mb4 COLLATE=utf8mb4_0900_ai_ci;

-- Dumping data for table corelifedb.user_core_answers: 370 rows
/*!40000 ALTER TABLE `user_core_answers` DISABLE KEYS */;
INSERT INTO `user_core_answers` (`ucs_id`, `q_id`, `points`) VALUES
	(2, 1, 1),
	(2, 2, 3),
	(2, 3, 1),
	(2, 4, 2),
	(2, 5, 1),
	(3, 1, 1),
	(3, 2, 2),
	(3, 3, 1),
	(3, 4, 1),
	(3, 5, 0),
	(35, 1, 4),
	(35, 4, 4),
	(35, 3, 3),
	(35, 2, 4),
	(12, 1, 0),
	(12, 2, 4),
	(12, 3, 4),
	(12, 4, 4),
	(12, 5, 0),
	(12, 6, 4),
	(12, 7, 0),
	(13, 1, 4),
	(13, 2, 0),
	(13, 3, 0),
	(13, 4, 0),
	(13, 5, 4),
	(13, 6, 0),
	(13, 7, 4),
	(14, 1, 0),
	(14, 2, 4),
	(14, 3, 4),
	(14, 4, 4),
	(14, 5, 0),
	(14, 6, 4),
	(14, 7, 0),
	(15, 1, 4),
	(15, 2, 0),
	(15, 3, 0),
	(15, 4, 0),
	(15, 5, 4),
	(15, 6, 0),
	(15, 7, 4),
	(16, 1, 0),
	(16, 2, 4),
	(16, 3, 4),
	(16, 4, 4),
	(16, 5, 0),
	(16, 6, 4),
	(16, 7, 0),
	(17, 1, 0),
	(17, 2, 4),
	(17, 3, 4),
	(17, 4, 4),
	(17, 5, 0),
	(17, 6, 4),
	(17, 7, 0),
	(18, 1, 0),
	(18, 2, 4),
	(18, 3, 4),
	(18, 4, 4),
	(18, 5, 0),
	(18, 6, 4),
	(18, 7, 0),
	(19, 1, 0),
	(19, 2, 3),
	(19, 3, 2),
	(19, 4, 1),
	(19, 5, 4),
	(19, 6, 4),
	(19, 7, 1),
	(20, 1, 1),
	(20, 2, 3),
	(20, 3, 3),
	(20, 4, 3),
	(20, 5, 1),
	(20, 6, 3),
	(20, 7, 1),
	(21, 1, 1),
	(21, 2, 3),
	(21, 3, 3),
	(21, 4, 3),
	(21, 5, 1),
	(21, 6, 3),
	(21, 7, 1),
	(22, 1, 2),
	(22, 2, 2),
	(22, 3, 2),
	(22, 4, 2),
	(22, 5, 2),
	(22, 6, 2),
	(22, 7, 2),
	(23, 1, 3),
	(23, 2, 1),
	(23, 3, 1),
	(23, 4, 1),
	(23, 5, 3),
	(23, 6, 1),
	(23, 7, 3),
	(24, 1, 4),
	(24, 2, 0),
	(24, 3, 0),
	(24, 4, 0),
	(24, 5, 4),
	(24, 6, 0),
	(24, 7, 4),
	(25, 1, 0),
	(25, 2, 4),
	(25, 3, 4),
	(25, 4, 4),
	(25, 5, 0),
	(25, 6, 4),
	(25, 7, 0),
	(26, 1, 0),
	(26, 2, 3),
	(26, 3, 2),
	(26, 4, 1),
	(26, 5, 4),
	(26, 6, 4),
	(26, 7, 1),
	(27, 1, 2),
	(27, 2, 4),
	(27, 3, 1),
	(27, 4, 3),
	(27, 5, 2),
	(27, 7, 0),
	(28, 1, 4),
	(28, 2, 4),
	(28, 3, 4),
	(28, 4, 4),
	(28, 6, 4),
	(28, 7, 4),
	(29, 1, 0),
	(29, 2, 4),
	(29, 3, 4),
	(29, 4, 4),
	(29, 5, 0),
	(29, 6, 4),
	(29, 7, 0),
	(30, 1, 0),
	(30, 2, 4),
	(30, 3, 4),
	(30, 4, 4),
	(30, 5, 0),
	(30, 6, 4),
	(30, 7, 0),
	(31, 1, 3),
	(31, 2, 2),
	(31, 3, 1),
	(31, 4, 2),
	(31, 5, 1),
	(31, 6, 3),
	(31, 7, 0),
	(32, 1, 1),
	(32, 2, 3),
	(32, 3, 2),
	(32, 4, 2),
	(32, 5, 0),
	(32, 6, 0),
	(32, 7, 0),
	(33, 2, 3),
	(33, 4, 2),
	(33, 5, 0),
	(33, 6, 2),
	(33, 7, 0),
	(34, 1, 4),
	(34, 2, 3),
	(34, 3, 3),
	(34, 4, 3),
	(34, 5, 2),
	(34, 6, 3),
	(34, 7, 1),
	(35, 5, 3),
	(35, 6, 4),
	(35, 7, 4),
	(36, 1, 0),
	(36, 2, 3),
	(36, 3, 2),
	(36, 4, 1),
	(36, 5, 4),
	(36, 6, 1),
	(36, 7, 4),
	(37, 1, 2),
	(37, 2, 0),
	(37, 3, 1),
	(37, 4, 3),
	(37, 5, 0),
	(37, 6, 2),
	(37, 7, 1),
	(38, 1, 0),
	(38, 2, 2),
	(38, 3, 4),
	(38, 4, 1),
	(38, 5, 2),
	(38, 6, 0),
	(38, 7, 0),
	(39, 1, 2),
	(39, 2, 3),
	(39, 3, 2),
	(39, 4, 3),
	(39, 5, 1),
	(39, 6, 2),
	(39, 7, 1),
	(40, 1, 1),
	(40, 2, 2),
	(40, 3, 4),
	(40, 4, 0),
	(40, 5, 2),
	(40, 6, 0),
	(40, 7, 0),
	(41, 1, 0),
	(41, 2, 1),
	(41, 3, 2),
	(41, 4, 0),
	(41, 5, 1),
	(41, 6, 0),
	(41, 7, 3),
	(42, 1, 1),
	(42, 2, 2),
	(42, 3, 2),
	(42, 4, 2),
	(42, 5, 1),
	(42, 6, 1),
	(42, 7, 0),
	(42, 8, 2),
	(42, 9, 2),
	(42, 10, 0),
	(42, 11, 1),
	(42, 12, 1),
	(42, 13, 2),
	(42, 14, 1),
	(43, 1, 2),
	(43, 2, 3),
	(43, 3, 3),
	(43, 4, 3),
	(43, 5, 0),
	(43, 6, 2),
	(43, 7, 0),
	(43, 8, 3),
	(43, 9, 3),
	(43, 10, 2),
	(43, 11, 3),
	(43, 12, 2),
	(43, 13, 4),
	(43, 14, 3),
	(44, 1, 1),
	(44, 2, 3),
	(44, 3, 3),
	(44, 4, 3),
	(44, 5, 1),
	(44, 6, 3),
	(44, 7, 1),
	(44, 8, 3),
	(44, 9, 3),
	(44, 10, 1),
	(44, 11, 1),
	(44, 12, 1),
	(44, 13, 3),
	(44, 14, 3),
	(45, 1, 1),
	(45, 2, 3),
	(45, 3, 3),
	(45, 4, 3),
	(45, 5, 1),
	(45, 6, 3),
	(45, 7, 1),
	(45, 8, 3),
	(45, 9, 3),
	(45, 10, 1),
	(45, 11, 1),
	(45, 12, 1),
	(45, 13, 3),
	(45, 14, 3),
	(46, 1, 2),
	(46, 2, 2),
	(46, 3, 2),
	(46, 4, 2),
	(46, 5, 2),
	(46, 6, 2),
	(46, 7, 2),
	(46, 8, 2),
	(46, 9, 2),
	(46, 10, 2),
	(46, 11, 2),
	(46, 12, 2),
	(46, 13, 2),
	(46, 14, 2),
	(47, 1, 3),
	(47, 2, 1),
	(47, 3, 1),
	(47, 4, 1),
	(47, 5, 3),
	(47, 6, 1),
	(47, 7, 3),
	(47, 8, 1),
	(47, 9, 1),
	(47, 10, 3),
	(47, 11, 3),
	(47, 12, 3),
	(47, 13, 1),
	(47, 14, 1),
	(48, 1, 3),
	(48, 2, 1),
	(48, 3, 1),
	(48, 4, 1),
	(48, 5, 3),
	(48, 6, 1),
	(48, 7, 3),
	(48, 8, 1),
	(48, 9, 1),
	(48, 10, 3),
	(48, 11, 3),
	(48, 12, 3),
	(48, 13, 1),
	(48, 14, 1),
	(49, 1, 3),
	(49, 2, 1),
	(49, 3, 1),
	(49, 4, 1),
	(49, 5, 3),
	(49, 6, 1),
	(49, 7, 3),
	(49, 8, 1),
	(49, 9, 1),
	(49, 10, 3),
	(49, 11, 3),
	(49, 12, 3),
	(49, 13, 1),
	(49, 14, 1),
	(50, 1, 3),
	(50, 2, 1),
	(50, 3, 1),
	(50, 4, 1),
	(50, 5, 3),
	(50, 6, 1),
	(50, 7, 3),
	(50, 8, 1),
	(50, 9, 1),
	(50, 10, 3),
	(50, 11, 3),
	(50, 12, 3),
	(50, 13, 1),
	(50, 14, 1),
	(51, 1, 3),
	(51, 2, 1),
	(51, 3, 1),
	(51, 4, 1),
	(51, 5, 3),
	(51, 6, 1),
	(51, 7, 3),
	(51, 8, 1),
	(51, 9, 1),
	(51, 10, 3),
	(51, 11, 3),
	(51, 12, 3),
	(51, 13, 1),
	(51, 14, 1),
	(52, 1, 0),
	(52, 2, 4),
	(52, 3, 4),
	(52, 4, 4),
	(52, 5, 0),
	(52, 6, 4),
	(52, 7, 0),
	(52, 8, 4),
	(52, 9, 4),
	(52, 10, 0),
	(52, 11, 0),
	(52, 12, 0),
	(52, 13, 4),
	(52, 14, 4);
/*!40000 ALTER TABLE `user_core_answers` ENABLE KEYS */;

-- Dumping structure for table corelifedb.user_core_score
DROP TABLE IF EXISTS `user_core_score`;
CREATE TABLE IF NOT EXISTS `user_core_score` (
  `ucs_id` int NOT NULL AUTO_INCREMENT,
  `user_id` int NOT NULL,
  `score_date` date DEFAULT NULL,
  `overall_score` int DEFAULT NULL,
  `mean_score` float DEFAULT NULL,
  PRIMARY KEY (`ucs_id`) USING BTREE,
  KEY `FK1_userid` (`user_id`)
) ENGINE=MyISAM AUTO_INCREMENT=53 DEFAULT CHARSET=utf8mb4 COLLATE=utf8mb4_0900_ai_ci;

-- Dumping data for table corelifedb.user_core_score: 50 rows
/*!40000 ALTER TABLE `user_core_score` DISABLE KEYS */;
INSERT INTO `user_core_score` (`ucs_id`, `user_id`, `score_date`, `overall_score`, `mean_score`) VALUES
	(1, 1, '2021-02-15', 20, NULL),
	(2, 2, '2021-01-14', 46, NULL),
	(3, 2, '2021-01-21', 34, NULL),
	(4, 2, '2021-03-04', 52, NULL),
	(7, 1, '2021-04-01', 16, NULL),
	(8, 1, '2021-02-20', 16, NULL),
	(9, 1, '2021-02-25', 18, NULL),
	(10, 1, '2021-03-05', 16, NULL),
	(11, 1, '2021-03-15', 22, NULL),
	(12, 1, '2021-03-18', 27, NULL),
	(13, 1, '2021-03-25', 25, NULL),
	(14, 1, '2021-04-05', 32, NULL),
	(15, 1, '2021-04-09', 20, NULL),
	(16, 1, '2021-04-12', 18, NULL),
	(17, 10, '2021-04-08', 16, 1.14),
	(18, 5, '2021-02-28', 16, NULL),
	(19, 2, '2021-04-01', 38, NULL),
	(20, 2, '2021-04-05', 43, NULL),
	(21, 2, '2021-01-28', 30, NULL),
	(22, 10, '2021-04-09', 14, 1),
	(23, 10, '2021-04-10', 13, 0.93),
	(24, 10, '2021-03-29', 12, 0.85),
	(25, 10, '2021-03-22', 16, 1.14),
	(26, 10, '2021-04-12', 15, 1.07),
	(27, 10, '2021-04-13', 12, 0.85),
	(28, 2, '2021-04-11', 30, NULL),
	(29, 5, '2021-03-07', 24, NULL),
	(30, 5, '2021-03-10', 18, NULL),
	(31, 5, '2021-03-15', 12, NULL),
	(32, 10, '2021-04-14', 8, 0.57),
	(33, 5, '2021-03-20', 26, NULL),
	(34, 5, '2021-02-22', 19, NULL),
	(35, 5, '2021-03-25', 26, NULL),
	(36, 5, '2021-04-01', 15, NULL),
	(37, 5, '2021-04-02', 9, NULL),
	(38, 0, '2021-04-24', 9, NULL),
	(39, 10, '2021-04-25', 14, 1),
	(40, 5, '2021-04-07', 9, NULL),
	(41, 5, '2021-04-10', 7, NULL),
	(42, 10, '2021-05-01', 18, 1.29),
	(43, 5, '2021-04-11', 33, 2),
	(44, 5, '2021-04-15', 30, 2),
	(45, 5, '2021-04-17', 30, 2.14286),
	(46, 5, '2021-04-18', 28, 2),
	(47, 5, '2021-04-19', 26, 1.85714),
	(48, 5, '2021-04-18', 26, 1.85714),
	(49, 5, '2021-04-18', 26, 1.85714),
	(50, 5, '2021-04-19', 26, 1.85714),
	(51, 5, '2021-04-20', 26, 1.85714),
	(52, 2, '2021-04-20', 32, 2.28571);
/*!40000 ALTER TABLE `user_core_score` ENABLE KEYS */;

/*!40101 SET SQL_MODE=IFNULL(@OLD_SQL_MODE, '') */;
/*!40014 SET FOREIGN_KEY_CHECKS=IF(@OLD_FOREIGN_KEY_CHECKS IS NULL, 1, @OLD_FOREIGN_KEY_CHECKS) */;
/*!40101 SET CHARACTER_SET_CLIENT=@OLD_CHARACTER_SET_CLIENT */;
/*!40111 SET SQL_NOTES=@OLD_SQL_NOTES */;
